{"errors":[],"warnings":[],"namedChunkGroups":{"app":{"chunks":[7,2],"assets":["webpack-runtime-38b3ecc97e788a6963c7.js","webpack-runtime-38b3ecc97e788a6963c7.js.map","app-6cac6e620f56331b1574.js","app-6cac6e620f56331b1574.js.map"],"children":{},"childAssets":{}},"component---node-modules-gatsby-plugin-offline-app-shell-js":{"chunks":[3],"assets":["component---node-modules-gatsby-plugin-offline-app-shell-js-5f55fdb53f5a7621b195.js","component---node-modules-gatsby-plugin-offline-app-shell-js-5f55fdb53f5a7621b195.js.map"],"children":{},"childAssets":{}},"component---src-pages-404-js":{"chunks":[0,1,4],"assets":["0.455451cccc697880d62b.css","0-59aac6d636d21401327d.js","0-59aac6d636d21401327d.js.map","1-be56f1b15f44f09b9998.js","1-be56f1b15f44f09b9998.js.map","component---src-pages-404-js-8b0ba55bb667803a2852.js","component---src-pages-404-js-8b0ba55bb667803a2852.js.map"],"children":{},"childAssets":{}},"component---src-pages-index-js":{"chunks":[0,8,1,5],"assets":["0.455451cccc697880d62b.css","0-59aac6d636d21401327d.js","0-59aac6d636d21401327d.js.map","8.2ff0dd79497ca814d543.css","8-3473fcb4da7931f79e13.js","8-3473fcb4da7931f79e13.js.map","1-be56f1b15f44f09b9998.js","1-be56f1b15f44f09b9998.js.map","component---src-pages-index-js-a7d7df406e2c99cb56d0.js","component---src-pages-index-js-a7d7df406e2c99cb56d0.js.map"],"children":{},"childAssets":{}},"pages-manifest":{"chunks":[6],"assets":["pages-manifest-8312518dc4ccfc58673a.js","pages-manifest-8312518dc4ccfc58673a.js.map"],"children":{},"childAssets":{}}},"assetsByChunkName":{"app":["webpack-runtime-38b3ecc97e788a6963c7.js","app-6cac6e620f56331b1574.js"],"component---node-modules-gatsby-plugin-offline-app-shell-js":["component---node-modules-gatsby-plugin-offline-app-shell-js-5f55fdb53f5a7621b195.js"],"component---src-pages-404-js":["0.455451cccc697880d62b.css","0-59aac6d636d21401327d.js","1-be56f1b15f44f09b9998.js","component---src-pages-404-js-8b0ba55bb667803a2852.js"],"component---src-pages-index-js":["0.455451cccc697880d62b.css","0-59aac6d636d21401327d.js","8.2ff0dd79497ca814d543.css","8-3473fcb4da7931f79e13.js","1-be56f1b15f44f09b9998.js","component---src-pages-index-js-a7d7df406e2c99cb56d0.js"],"pages-manifest":["pages-manifest-8312518dc4ccfc58673a.js"]}}