{"errors":[],"warnings":[],"namedChunkGroups":{"app":{"chunks":[6,2],"assets":["webpack-runtime-568b2e650c8f66e1c83e.js","webpack-runtime-568b2e650c8f66e1c83e.js.map","app-95770c41f11842582343.js","app-95770c41f11842582343.js.map"],"children":{},"childAssets":{}},"component---node-modules-gatsby-plugin-offline-app-shell-js":{"chunks":[3],"assets":["component---node-modules-gatsby-plugin-offline-app-shell-js-5f55fdb53f5a7621b195.js","component---node-modules-gatsby-plugin-offline-app-shell-js-5f55fdb53f5a7621b195.js.map"],"children":{},"childAssets":{}},"component---src-pages-404-js":{"chunks":[0,1,4],"assets":["0.455451cccc697880d62b.css","0-19155510e821c50f3762.js","0-19155510e821c50f3762.js.map","1-9626b166bb6699664ec6.js","1-9626b166bb6699664ec6.js.map","component---src-pages-404-js-f23d85b558e82c824ef2.js","component---src-pages-404-js-f23d85b558e82c824ef2.js.map"],"children":{},"childAssets":{}},"component---src-pages-index-js":{"chunks":[0,7,1,5],"assets":["0.455451cccc697880d62b.css","0-19155510e821c50f3762.js","0-19155510e821c50f3762.js.map","7.2ff0dd79497ca814d543.css","7-23fa0db1a70a8253ed83.js","7-23fa0db1a70a8253ed83.js.map","1-9626b166bb6699664ec6.js","1-9626b166bb6699664ec6.js.map","component---src-pages-index-js-01519b64ef6afd7c364c.js","component---src-pages-index-js-01519b64ef6afd7c364c.js.map"],"children":{},"childAssets":{}}},"assetsByChunkName":{"app":["webpack-runtime-568b2e650c8f66e1c83e.js","app-95770c41f11842582343.js"],"component---node-modules-gatsby-plugin-offline-app-shell-js":["component---node-modules-gatsby-plugin-offline-app-shell-js-5f55fdb53f5a7621b195.js"],"component---src-pages-404-js":["0.455451cccc697880d62b.css","0-19155510e821c50f3762.js","1-9626b166bb6699664ec6.js","component---src-pages-404-js-f23d85b558e82c824ef2.js"],"component---src-pages-index-js":["0.455451cccc697880d62b.css","0-19155510e821c50f3762.js","7.2ff0dd79497ca814d543.css","7-23fa0db1a70a8253ed83.js","1-9626b166bb6699664ec6.js","component---src-pages-index-js-01519b64ef6afd7c364c.js"]}}