{"errors":[],"warnings":[],"namedChunkGroups":{"app":{"chunks":[6,2],"assets":["webpack-runtime-1318dec061f4f1121435.js","webpack-runtime-1318dec061f4f1121435.js.map","app-8d41fc9712ff0ffa0898.js","app-8d41fc9712ff0ffa0898.js.map"],"children":{},"childAssets":{}},"component---node-modules-gatsby-plugin-offline-app-shell-js":{"chunks":[3],"assets":["component---node-modules-gatsby-plugin-offline-app-shell-js-5f55fdb53f5a7621b195.js","component---node-modules-gatsby-plugin-offline-app-shell-js-5f55fdb53f5a7621b195.js.map"],"children":{},"childAssets":{}},"component---src-pages-404-js":{"chunks":[0,1,4],"assets":["0.455451cccc697880d62b.css","0-3c56604eb9b576b14e47.js","0-3c56604eb9b576b14e47.js.map","1-f44637993328593b71ac.js","1-f44637993328593b71ac.js.map","component---src-pages-404-js-e6f9e2794739199c6b77.js","component---src-pages-404-js-e6f9e2794739199c6b77.js.map"],"children":{},"childAssets":{}},"component---src-pages-index-js":{"chunks":[0,7,1,5],"assets":["0.455451cccc697880d62b.css","0-3c56604eb9b576b14e47.js","0-3c56604eb9b576b14e47.js.map","7.2ff0dd79497ca814d543.css","7-ff68b89e7182d1a2cde0.js","7-ff68b89e7182d1a2cde0.js.map","1-f44637993328593b71ac.js","1-f44637993328593b71ac.js.map","component---src-pages-index-js-29e96e6eb5d0843a809e.js","component---src-pages-index-js-29e96e6eb5d0843a809e.js.map"],"children":{},"childAssets":{}}},"assetsByChunkName":{"app":["webpack-runtime-1318dec061f4f1121435.js","app-8d41fc9712ff0ffa0898.js"],"component---node-modules-gatsby-plugin-offline-app-shell-js":["component---node-modules-gatsby-plugin-offline-app-shell-js-5f55fdb53f5a7621b195.js"],"component---src-pages-404-js":["0.455451cccc697880d62b.css","0-3c56604eb9b576b14e47.js","1-f44637993328593b71ac.js","component---src-pages-404-js-e6f9e2794739199c6b77.js"],"component---src-pages-index-js":["0.455451cccc697880d62b.css","0-3c56604eb9b576b14e47.js","7.2ff0dd79497ca814d543.css","7-ff68b89e7182d1a2cde0.js","1-f44637993328593b71ac.js","component---src-pages-index-js-29e96e6eb5d0843a809e.js"]}}