{"errors":[],"warnings":[],"namedChunkGroups":{"app":{"chunks":[6,2],"assets":["webpack-runtime-ad83468397892e517f97.js","webpack-runtime-ad83468397892e517f97.js.map","app-8d41fc9712ff0ffa0898.js","app-8d41fc9712ff0ffa0898.js.map"],"children":{},"childAssets":{}},"component---node-modules-gatsby-plugin-offline-app-shell-js":{"chunks":[3],"assets":["component---node-modules-gatsby-plugin-offline-app-shell-js-5f55fdb53f5a7621b195.js","component---node-modules-gatsby-plugin-offline-app-shell-js-5f55fdb53f5a7621b195.js.map"],"children":{},"childAssets":{}},"component---src-pages-404-js":{"chunks":[0,1,4],"assets":["0.455451cccc697880d62b.css","0-95eff476d63ac293cee2.js","0-95eff476d63ac293cee2.js.map","1-6e8b29611ad49e63e45f.js","1-6e8b29611ad49e63e45f.js.map","component---src-pages-404-js-9276430c2d8e0a4b6a6b.js","component---src-pages-404-js-9276430c2d8e0a4b6a6b.js.map"],"children":{},"childAssets":{}},"component---src-pages-index-js":{"chunks":[0,7,1,5],"assets":["0.455451cccc697880d62b.css","0-95eff476d63ac293cee2.js","0-95eff476d63ac293cee2.js.map","7.2ff0dd79497ca814d543.css","7-e39a6e1293f32ecc834b.js","7-e39a6e1293f32ecc834b.js.map","1-6e8b29611ad49e63e45f.js","1-6e8b29611ad49e63e45f.js.map","component---src-pages-index-js-f2271e49be4954633f2b.js","component---src-pages-index-js-f2271e49be4954633f2b.js.map"],"children":{},"childAssets":{}}},"assetsByChunkName":{"app":["webpack-runtime-ad83468397892e517f97.js","app-8d41fc9712ff0ffa0898.js"],"component---node-modules-gatsby-plugin-offline-app-shell-js":["component---node-modules-gatsby-plugin-offline-app-shell-js-5f55fdb53f5a7621b195.js"],"component---src-pages-404-js":["0.455451cccc697880d62b.css","0-95eff476d63ac293cee2.js","1-6e8b29611ad49e63e45f.js","component---src-pages-404-js-9276430c2d8e0a4b6a6b.js"],"component---src-pages-index-js":["0.455451cccc697880d62b.css","0-95eff476d63ac293cee2.js","7.2ff0dd79497ca814d543.css","7-e39a6e1293f32ecc834b.js","1-6e8b29611ad49e63e45f.js","component---src-pages-index-js-f2271e49be4954633f2b.js"]}}