{"errors":[],"warnings":[],"namedChunkGroups":{"app":{"chunks":[6,2],"assets":["webpack-runtime-6628757d5dbe922643a3.js","webpack-runtime-6628757d5dbe922643a3.js.map","app-cae7cd77c5d7846f67d0.js","app-cae7cd77c5d7846f67d0.js.map"],"children":{},"childAssets":{}},"component---node-modules-gatsby-plugin-offline-app-shell-js":{"chunks":[3],"assets":["component---node-modules-gatsby-plugin-offline-app-shell-js-5f55fdb53f5a7621b195.js","component---node-modules-gatsby-plugin-offline-app-shell-js-5f55fdb53f5a7621b195.js.map"],"children":{},"childAssets":{}},"component---src-pages-404-js":{"chunks":[0,1,4],"assets":["0.455451cccc697880d62b.css","0-66716f26bbc0a0772368.js","0-66716f26bbc0a0772368.js.map","1-78df4b8127f8b72bcb59.js","1-78df4b8127f8b72bcb59.js.map","component---src-pages-404-js-f6c407dab5e3ecf60414.js","component---src-pages-404-js-f6c407dab5e3ecf60414.js.map"],"children":{},"childAssets":{}},"component---src-pages-index-js":{"chunks":[0,7,1,5],"assets":["0.455451cccc697880d62b.css","0-66716f26bbc0a0772368.js","0-66716f26bbc0a0772368.js.map","7.2ff0dd79497ca814d543.css","7-dfa26db39122d343ae40.js","7-dfa26db39122d343ae40.js.map","1-78df4b8127f8b72bcb59.js","1-78df4b8127f8b72bcb59.js.map","component---src-pages-index-js-696112b18e103b6c371b.js","component---src-pages-index-js-696112b18e103b6c371b.js.map"],"children":{},"childAssets":{}}},"assetsByChunkName":{"app":["webpack-runtime-6628757d5dbe922643a3.js","app-cae7cd77c5d7846f67d0.js"],"component---node-modules-gatsby-plugin-offline-app-shell-js":["component---node-modules-gatsby-plugin-offline-app-shell-js-5f55fdb53f5a7621b195.js"],"component---src-pages-404-js":["0.455451cccc697880d62b.css","0-66716f26bbc0a0772368.js","1-78df4b8127f8b72bcb59.js","component---src-pages-404-js-f6c407dab5e3ecf60414.js"],"component---src-pages-index-js":["0.455451cccc697880d62b.css","0-66716f26bbc0a0772368.js","7.2ff0dd79497ca814d543.css","7-dfa26db39122d343ae40.js","1-78df4b8127f8b72bcb59.js","component---src-pages-index-js-696112b18e103b6c371b.js"]}}